{
  "swagger": "2.0",
  "basePath": "/",
  "info": {
    "title": "Greidslas API.",
    "version": " 1.0.0"
  },
  "definitions": {
    "Greidsla": {
      "type": "object",
      "properties": {
        "nombre": {
          "type": "string"
        },
        "fecha": {
          "type": "string"
        },
        "ciudad": {
          "type": "string"
        },
        "listaPuckets": {
          "type": "array",
          "items": {
            "$ref": "#/definitions/Pucket"
          }
        }
      },
      "required": [
        "nombre",
        "fecha",
        "ciudad",
        "listaPuckets"
      ]
    },
    "Pucket": {
      "type": "object",
      "properties": {
        "descripcion": {
          "type": "string"
        },
        "precio": {
          "type": "string"
        },
        "cantidad": {
          "type": "string"
        }
      },
      "required": [
        "descripcion",
        "precio",
        "cantidad"
      ]
    }
  },
  "paths": {
    "/greidslas": {
      "get": {
        "summary": "Get Greidslas",
        "operationId": "getGreidslas",
        "responses": {
          "200": {
            "description": "{greidslas}",
            "schema": {
              "type": "array",
              "items": {
                "$ref": "#/definitions/Greidsla"
              }
            }
          }
        }
      },
      "post": {
        "summary": "Create Greidsla",
        "operationId": "createGreidsla",
        "consumes": [
          "application/json"
        ],
        "parameters": [
          {
            "in": "body",
            "name": "greidsla",
            "schema": {
              "items": {
                "$ref": "#/definitions/Greidsla"
              },
              "example": {
                "nombre": "Pepe Car",
                "fecha": "C/ Abichuela nº3",
                "ciudad": "C/ Abichuela nº3",
                "listaPuckets": []
              }
            }
          }
        ],
        "responses": {
          "200": {
            "description": "{message: 'Greidsla agregado'}"
          }
        }
      }
    },
    "/greidslas/{id}": {
      "get": {
        "summary": "Get Greidsla",
        "operationId": "getGreidsla",
        "parameters": [
          {
            "in": "path",
            "name": "id",
            "required": true,
            "type": "string"
          }
        ],
        "responses": {
          "200": {
            "description": "Listar un Greidsla.",
            "schema": {
              "$ref": "#/definitions/Greidsla"
            }
          }
        }
      },
      "put": {
        "summary": "Update Greidsla.",
        "operationId": "updateGreidsla",
        "consumes": [
          "application/json"
        ],
        "parameters": [
          {
            "in": "path",
            "name": "id",
            "required": true,
            "type": "string"
          },
          {
            "in": "body",
            "name": "greidsla",
            "schema": {
              "items": {
                "$ref": "#/definitions/Greidsla"
              },
              "example": {
                "nombre": "Pepe Car",
                "fecha": "C/ Abichuela nº3",
                "ciudad": "C/ Abichuela nº3",
                "listaPuckets": []
              }
            }
          }
        ],
        "responses": {
          "200": {
            "description": "{message: 'Greidsla actualizado'}"
          }
        }
      },
      "delete": {
        "summary": "Delete Greidsla.",
        "operationId": "deleteGreidsla",
        "consumes": [
          "application/json"
        ],
        "parameters": [
          {
            "in": "path",
            "name": "id",
            "required": true,
            "type": "string"
          }
        ],
        "responses": {
          "200": {
            "description": "{ greidsla }"
          }
        }
      }
    },
    "/greidslas/{id}/puckets": {
      "get": {
        "summary": "Get Greidsla.listaPuckets",
        "operationId": "getListaPuckets",
        "consumes": [
          "application/json"
        ],
        "parameters": [
          {
            "in": "path",
            "name": "id",
            "required": true,
            "type": "string"
          }
        ],
        "responses": {
          "200": {
            "description": "Listar la listaPuckets de un Greidsla.",
            "schema": {
              "items": {
                "$ref": "#/definitions/Pucket"
              },
              "example": [
                {
                  "descripcion": "Renaul Megane",
                  "precio": "130",
                  "cantidad": "23.000"
                },
                {
                  "descripcion": "Seat Altea",
                  "precio": "130",
                  "cantidad": "23.000"
                }
              ]
            }
          }
        }
      },
      "post": {
        "summary": "Create Greidsla.listaPuckets.Pucket",
        "operationId": "put Pucket",
        "consumes": [
          "application/json"
        ],
        "parameters": [
          {
            "in": "path",
            "name": "id",
            "required": true,
            "type": "string"
          },
          {
            "in": "body",
            "name": "coche",
            "type": "object",
            "schema": {
              "items": {
                "$ref": "#/definitions/Pucket"
              },
              "example": {
                "descripcion": "Renaul Megane",
                "precio": "130",
                "cantidad": "23.000"
              }
            }
          }
        ]
      }
    },
    "/greidslas/{id}/puckets/{pucketId}": {
      "get": {
        "summary": "Get Greidsla.listaPuckets.pucket",
        "operationId": "getPucket",
        "consumes": [
          "application/json"
        ],
        "parameters": [
          {
            "in": "path",
            "name": "id",
            "required": true,
            "type": "string"
          },
          {
            "in": "path",
            "name": "pucketId",
            "required": true,
            "type": "string"
          }
        ],
        "responses": {
          "200": {
            "description": "Lista un pucket de un greidsla.",
            "schema": {
              "items": {
                "$ref": "#/definitions/Pucket"
              },
              "example": [
                {
                  "descripcion": "Renaul Megane",
                  "precio": "130",
                  "cantidad": "23.000"
                }
              ]
            }
          }
        }
      },
      "put": {
        "summary": "Update Greidsla.listaPuckets.pucket",
        "operationId": "putPucket",
        "consumes": [
          "application/json"
        ],
        "parameters": [
          {
            "in": "path",
            "name": "id",
            "required": true,
            "type": "string"
          },
          {
            "in": "path",
            "name": "pucketId",
            "required": true,
            "type": "string"
          },
          {
            "in": "body",
            "name": "pucket",
            "type": "object",
            "schema": {
              "items": {
                "$ref": "#/definitions/Pucket"
              },
              "example": {
                "descripcion": "Renaul Megane",
                "precio": "130",
                "cantidad": "23.000"
              }
            }
          }
        ],
        "responses": {
          "200": {
            "description": "Modifica un pucket perteneciente a un greidsla",
            "schema": {
              "items": {
                "$ref": "#/definitions/Pucket"
              }
            }
          }
        }
      },
      "delete": {
        "summary": "Delete Greidsla.listaPuckets.pucket",
        "operationId": "deletePucket",
        "consumes": [
          "application/json"
        ],
        "parameters": [
          {
            "in": "path",
            "name": "id",
            "required": true,
            "type": "string"
          },
          {
            "in": "path",
            "name": "PucketId",
            "required": true,
            "type": "string"
          }
        ],
        "responses": {
          "200": {
            "description": "Borrar Pucket",
            "schema": {
              "items": {
                "$ref": "#/definitions/Pucket"
              }
            }
          }
        }
      }
    }
  }
}